minimo,media,desvio_padrao,maximo,mediana,Q1,Q3,Assimetria,Curtose
0,1078.229369532357,15052.156333377436,816847,2.0,1.0,15.0,33.350176176870065,1323.7968060394983
